ncalls,tottime,percall,cumtime,percall,filename:lineno(function)
1,0.002,0.002,3.405,3.405,f.py:42(f)
1,2.436,2.436,2.436,2.436,/scratch/nathanp/gpu-radix-sort/faasTest/pylibsort/sort.py:108(sortPartial)
1,0.000,0.000,0.675,0.675,/scratch/nathanp/gpu-radix-sort/faasTest/pylibsort/data.py:288(writeOutput)
1,0.000,0.000,0.476,0.476,/scratch/nathanp/gpu-radix-sort/faasTest/pylibsort/data.py:211(WriteAll)
1,0.475,0.475,0.475,0.475,{method 'write' of '_io.BufferedRandom' objects}
1,0.103,0.103,0.291,0.291,/scratch/nathanp/gpu-radix-sort/faasTest/pylibsort/data.py:252(readPartRefs)
4,0.000,0.000,0.188,0.047,/scratch/nathanp/gpu-radix-sort/faasTest/pylibsort/data.py:232(read)
4,0.000,0.000,0.188,0.047,/scratch/nathanp/gpu-radix-sort/faasTest/pylibsort/data.py:173(ReadPart)
4,0.188,0.047,0.188,0.047,{method 'readinto' of '_io.BufferedRandom' objects}
1,0.000,0.000,0.170,0.170,/scratch/nathanp/gpu-radix-sort/faasTest/pylibsort/data.py:164(Close)
1,0.000,0.000,0.170,0.170,/scratch/nathanp/gpu-radix-sort/faasTest/pylibsort/data.py:126(__commitMeta)
1,0.031,0.031,0.170,0.170,/home/eecs/nathanp/anaconda3/lib/python3.7/json/__init__.py:120(dump)
131082,0.019,0.000,0.117,0.000,/home/eecs/nathanp/anaconda3/lib/python3.7/json/encoder.py:413(_iterencode)
131082,0.019,0.000,0.098,0.000,/home/eecs/nathanp/anaconda3/lib/python3.7/json/encoder.py:333(_iterencode_dict)
131076,0.057,0.000,0.079,0.000,/home/eecs/nathanp/anaconda3/lib/python3.7/json/encoder.py:277(_iterencode_list)
262199,0.023,0.000,0.023,0.000,{built-in method builtins.isinstance}
6,0.019,0.003,0.021,0.004,/scratch/nathanp/gpu-radix-sort/faasTest/pylibsort/data.py:35(__init__)
131081,0.019,0.000,0.019,0.000,{method 'write' of '_io.TextIOWrapper' objects}
1,0.000,0.000,0.011,0.011,/scratch/nathanp/gpu-radix-sort/faasTest/pylibsort/data.py:132(Create)
1,0.000,0.000,0.011,0.011,/scratch/nathanp/gpu-radix-sort/faasTest/pylibsort/data.py:58(fromCaps)
4,0.004,0.001,0.004,0.001,{built-in method numpy.array}
1,0.003,0.003,0.003,0.003,/home/eecs/nathanp/anaconda3/lib/python3.7/json/encoder.py:204(iterencode)
15,0.002,0.000,0.002,0.000,{method 'copy' of 'list' objects}
1,0.002,0.002,0.002,0.002,{method 'tolist' of 'numpy.ndarray' objects}
7,0.001,0.000,0.001,0.000,{built-in method builtins.sum}
1,0.000,0.000,0.001,0.001,/scratch/nathanp/gpu-radix-sort/faasTest/pylibsort/data.py:267(getPartRefs)
1,0.000,0.000,0.001,0.001,/scratch/nathanp/gpu-radix-sort/faasTest/pylibsort/data.py:271(<listcomp>)
4,0.000,0.000,0.001,0.000,/scratch/nathanp/gpu-radix-sort/faasTest/pylibsort/data.py:239(__fileGetRef)
4,0.000,0.000,0.001,0.000,/scratch/nathanp/gpu-radix-sort/faasTest/pylibsort/data.py:148(Open)
1,0.000,0.000,0.001,0.001,<__array_function__ internals>:2(diff)
3/1,0.000,0.000,0.001,0.001,{built-in method numpy.core._multiarray_umath.implement_array_function}
1,0.000,0.000,0.001,0.001,/home/eecs/nathanp/anaconda3/lib/python3.7/site-packages/numpy/lib/function_base.py:1147(diff)
10,0.000,0.000,0.000,0.000,{built-in method io.open}
1,0.000,0.000,0.000,0.000,<__array_function__ internals>:2(concatenate)
15,0.000,0.000,0.000,0.000,/home/eecs/nathanp/anaconda3/lib/python3.7/pathlib.py:907(__truediv__)
15,0.000,0.000,0.000,0.000,/home/eecs/nathanp/anaconda3/lib/python3.7/pathlib.py:694(_make_child)
20,0.000,0.000,0.000,0.000,/home/eecs/nathanp/anaconda3/lib/python3.7/pathlib.py:640(_parse_args)
5,0.000,0.000,0.000,0.000,/scratch/nathanp/gpu-radix-sort/faasTest/pylibsort/data.py:118(__init__)
4,0.000,0.000,0.000,0.000,/home/eecs/nathanp/anaconda3/lib/python3.7/json/__init__.py:274(load)
20,0.000,0.000,0.000,0.000,/home/eecs/nathanp/anaconda3/lib/python3.7/pathlib.py:63(parse_parts)
19,0.000,0.000,0.000,0.000,/home/eecs/nathanp/anaconda3/lib/python3.7/pathlib.py:710(__fspath__)
5,0.000,0.000,0.000,0.000,/home/eecs/nathanp/anaconda3/lib/python3.7/pathlib.py:1007(__new__)
2,0.000,0.000,0.000,0.000,/home/eecs/nathanp/anaconda3/lib/python3.7/pathlib.py:1228(touch)
4,0.000,0.000,0.000,0.000,/home/eecs/nathanp/anaconda3/lib/python3.7/json/__init__.py:299(loads)
1,0.000,0.000,0.000,0.000,/home/eecs/nathanp/anaconda3/lib/python3.7/pathlib.py:1251(mkdir)
1,0.000,0.000,0.000,0.000,{built-in method posix.mkdir}
1,0.000,0.000,0.000,0.000,<__array_function__ internals>:2(broadcast_to)
5,0.000,0.000,0.000,0.000,/home/eecs/nathanp/anaconda3/lib/python3.7/pathlib.py:660(_from_parts)
19,0.000,0.000,0.000,0.000,/home/eecs/nathanp/anaconda3/lib/python3.7/pathlib.py:700(__str__)
4,0.000,0.000,0.000,0.000,/home/eecs/nathanp/anaconda3/lib/python3.7/json/decoder.py:332(decode)
1,0.000,0.000,0.000,0.000,/home/eecs/nathanp/anaconda3/lib/python3.7/site-packages/numpy/lib/stride_tricks.py:143(broadcast_to)
1,0.000,0.000,0.000,0.000,/home/eecs/nathanp/anaconda3/lib/python3.7/site-packages/numpy/lib/stride_tricks.py:116(_broadcast_to)
4,0.000,0.000,0.000,0.000,/home/eecs/nathanp/anaconda3/lib/python3.7/pathlib.py:1341(exists)
4,0.000,0.000,0.000,0.000,{method 'read' of '_io.TextIOWrapper' objects}
4,0.000,0.000,0.000,0.000,/home/eecs/nathanp/anaconda3/lib/python3.7/pathlib.py:1163(stat)
4,0.000,0.000,0.000,0.000,{built-in method posix.stat}
5,0.000,0.000,0.000,0.000,{method 'seek' of '_io.BufferedRandom' objects}
2,0.000,0.000,0.000,0.000,{built-in method posix.utime}
2,0.000,0.000,0.000,0.000,/home/eecs/nathanp/anaconda3/lib/python3.7/pathlib.py:1048(_raw_open)
15,0.000,0.000,0.000,0.000,/home/eecs/nathanp/anaconda3/lib/python3.7/pathlib.py:673(_from_parsed_parts)
2,0.000,0.000,0.000,0.000,{built-in method posix.open}
1,0.000,0.000,0.000,0.000,/home/eecs/nathanp/anaconda3/lib/python3.7/ctypes/__init__.py:374(__getattr__)
4,0.000,0.000,0.000,0.000,/home/eecs/nathanp/anaconda3/lib/python3.7/codecs.py:309(__init__)
35,0.000,0.000,0.000,0.000,/home/eecs/nathanp/anaconda3/lib/python3.7/pathlib.py:291(splitroot)
1,0.000,0.000,0.000,0.000,{built-in method _ctypes.POINTER}
5,0.000,0.000,0.000,0.000,/home/eecs/nathanp/anaconda3/lib/python3.7/_bootlocale.py:33(getpreferredencoding)
15,0.000,0.000,0.000,0.000,/home/eecs/nathanp/anaconda3/lib/python3.7/pathlib.py:683(_format_parsed_parts)
1,0.000,0.000,0.000,0.000,{method 'close' of '_io.BufferedRandom' objects}
4,0.000,0.000,0.000,0.000,/home/eecs/nathanp/anaconda3/lib/python3.7/json/decoder.py:343(raw_decode)
1,0.000,0.000,0.000,0.000,/home/eecs/nathanp/anaconda3/lib/python3.7/ctypes/__init__.py:381(__getitem__)
1,0.000,0.000,0.000,0.000,/home/eecs/nathanp/anaconda3/lib/python3.7/ctypes/__init__.py:497(cast)
4,0.000,0.000,0.000,0.000,/home/eecs/nathanp/anaconda3/lib/python3.7/codecs.py:319(decode)
5,0.000,0.000,0.000,0.000,{built-in method _locale.nl_langinfo}
8,0.000,0.000,0.000,0.000,{method 'match' of 're.Pattern' objects}
2,0.000,0.000,0.000,0.000,/home/eecs/nathanp/anaconda3/lib/python3.7/site-packages/numpy/core/_asarray.py:88(asanyarray)
20,0.000,0.000,0.000,0.000,/home/eecs/nathanp/anaconda3/lib/python3.7/pathlib.py:1017(_init)
30,0.000,0.000,0.000,0.000,{built-in method sys.intern}
15,0.000,0.000,0.000,0.000,{method 'join' of 'str' objects}
1,0.000,0.000,0.000,0.000,{method 'from_buffer' of '_ctypes.PyCArrayType' objects}
2,0.000,0.000,0.000,0.000,{built-in method posix.close}
26,0.000,0.000,0.000,0.000,{built-in method builtins.len}
20,0.000,0.000,0.000,0.000,{built-in method __new__ of type object at 0x564fb4ad5260}
1,0.000,0.000,0.000,0.000,/home/eecs/nathanp/anaconda3/lib/python3.7/site-packages/numpy/lib/function_base.py:257(iterable)
4,0.000,0.000,0.000,0.000,{built-in method _codecs.utf_8_decode}
15,0.000,0.000,0.000,0.000,{built-in method posix.fspath}
52,0.000,0.000,0.000,0.000,{method 'append' of 'list' objects}
4,0.000,0.000,0.000,0.000,/scratch/nathanp/gpu-radix-sort/faasTest/pylibsort/data.py:226(__init__)
5,0.000,0.000,0.000,0.000,{method 'lstrip' of 'str' objects}
1,0.000,0.000,0.000,0.000,/home/eecs/nathanp/anaconda3/lib/python3.7/json/encoder.py:259(_make_iterencode)
15,0.000,0.000,0.000,0.000,/home/eecs/nathanp/anaconda3/lib/python3.7/pathlib.py:101(join_parsed_parts)
1,0.000,0.000,0.000,0.000,{built-in method builtins.any}
1,0.000,0.000,0.000,0.000,{built-in method builtins.setattr}
20,0.000,0.000,0.000,0.000,{method 'reverse' of 'list' objects}
2,0.000,0.000,0.000,0.000,{built-in method _json.encode_basestring_ascii}
4,0.000,0.000,0.000,0.000,/home/eecs/nathanp/anaconda3/lib/python3.7/codecs.py:260(__init__)
1,0.000,0.000,0.000,0.000,/home/eecs/nathanp/anaconda3/lib/python3.7/codecs.py:186(__init__)
8,0.000,0.000,0.000,0.000,{method 'end' of 're.Match' objects}
3,0.000,0.000,0.000,0.000,{built-in method builtins.id}
1,0.000,0.000,0.000,0.000,{built-in method builtins.iter}
5,0.000,0.000,0.000,0.000,{method 'startswith' of 'str' objects}
1,0.000,0.000,0.000,0.000,/home/eecs/nathanp/anaconda3/lib/python3.7/site-packages/numpy/lib/stride_tricks.py:26(_maybe_view_as_subclass)
2,0.000,0.000,0.000,0.000,/home/eecs/nathanp/anaconda3/lib/python3.7/site-packages/numpy/lib/stride_tricks.py:121(<genexpr>)
1,0.000,0.000,0.000,0.000,{built-in method numpy.core._multiarray_umath.normalize_axis_index}
1,0.000,0.000,0.000,0.000,/home/eecs/nathanp/anaconda3/lib/python3.7/site-packages/numpy/core/multiarray.py:145(concatenate)
1,0.000,0.000,0.000,0.000,{method 'disable' of '_lsprof.Profiler' objects}
1,0.000,0.000,0.000,0.000,{method 'items' of 'dict' objects}
1,0.000,0.000,0.000,0.000,/home/eecs/nathanp/anaconda3/lib/python3.7/site-packages/numpy/lib/stride_tricks.py:139(_broadcast_to_dispatcher)
1,0.000,0.000,0.000,0.000,/home/eecs/nathanp/anaconda3/lib/python3.7/site-packages/numpy/lib/function_base.py:1143(_diff_dispatcher)


